,ROUGE-1,ROUGE-2,ROUGE-L,BERT-F1
Base Model,0.10550818363209571,0.02551302234232599,0.07932711214500193,0.8179447343855193
Fine-Tuned,0.20717485451916523,0.10411185934319424,0.18222520391569996,0.8555116852124532
