,ROUGE-1,ROUGE-2,ROUGE-L,BERT-F1
Fine-Tuned + RAG,0.7814185057279449,0.7451212325002152,0.7721850263678431,0.9468307531241215
