,ROUGE-1,ROUGE-2,ROUGE-L,BERT-F1
Fine-Tuned + RAG,0.6079556671021071,0.5904096825375562,0.6061448241856324,0.9237716288889869
